solvent,solvent_molar_mass_g_mol,ln_gamma_inf,x_inf,g_per_g_inf,ln_gamma_iter,x_iter,g_per_g_iter,residual,status
GVL,100.11582,-3.164232388058551,0.04973036162098897,0.3337967183481221,-2.6396528637436063,0.029430634453680903,0.19341063202466294,1.0658141036401503e-14,root
