solvent,temperature_label,temperature_K,g_per_g_iter_mean,g_per_g_iter_median,g_per_g_iter_stdev,g_per_g_iter_min,g_per_g_iter_max,g_per_g_inf_mean,g_per_g_inf_median,g_per_g_inf_n_nonfinite
GVL,25C,298.15,0.10423416489749672,0.09083932806139661,0.06147676452997558,0.03707447665479253,0.19341063202466294,0.13975305736714091,0.10037895808381031,0
GVL,100C,373.15,0.6325211481503238,0.6369019025712375,0.18078374683808823,0.34781958667920826,0.8975958120543145,1.4370110609210973,0.8576128987830105,0
NMP,25C,298.15,0.8235186093414757,0.7877771393120391,0.2693350504050241,0.417750813716241,1.1785491394717853,4.740784571657739,2.518333064426155,5
NMP,100C,373.15,1.4584497201207047,1.4935072674364078,0.2361245805454864,1.1442889512809293,1.710668782378821,7.241165426002357,7.632366757503089,6
CH2O2 / formic acid,25C,298.15,0.0010827485749916378,0.000530803838722143,0.0011519848163154519,3.342070153874671e-05,0.002886484581482289,0.0010668175018104513,0.0005286470557573247,0
CH2O2 / formic acid,100C,373.15,0.0022533671129124373,0.0020795274968304937,0.0020640972727244424,0.00018731937512203516,0.006938402343118849,0.0021805575520365914,0.002041531805465819,0
ISOPROPANOL,25C,298.15,0.021236315630010195,0.013700942703258803,0.021210808667807255,0.0020868740342461383,0.059720148668770644,0.020342143731188086,0.013188575670177739,0
ISOPROPANOL,100C,373.15,0.5227669855991831,0.4304322195778696,0.374922032790943,0.05009275944731308,1.1721643667949302,0.43429684089524767,0.22554358094278848,0
