solvent,temperature_label,temperature_K,g_per_g_iter_mean,g_per_g_iter_median,g_per_g_iter_stdev,g_per_g_iter_min,g_per_g_iter_max,g_per_g_inf_mean,g_per_g_inf_median,g_per_g_inf_n_nonfinite
GVL,25C,298.15,0.10423416489749672,0.09083932806139661,0.06147676452997558,0.03707447665479253,0.19341063202466294,0.13975305736714091,0.10037895808381031,0
GVL,100C,373.15,0.6325211481503238,0.6369019025712375,0.18078374683808823,0.34781958667920826,0.8975958120543145,1.4370110609210973,0.8576128987830105,0
