solvent,quantity,n_conformers,mean,median,stdev,min,max
GVL,ln_gamma_inf,10,-1.2638302714455938,-1.220758710251113,0.7684304943261084,-2.531866946197244,-0.09013001463417503
GVL,x_inf,10,0.16145277919717235,0.11850671790863221,0.1298503091034306,0.03824020609937949,0.4394941512760405
GVL,g_per_g_inf,10,1.4370110609210973,0.8576128987830105,1.5137534555868952,0.2536068067235576,5.001269413354988
GVL,x_iter,10,0.0896742156166857,0.09077633027909071,0.023535293254567498,0.05171150948390114,0.12336509004839015
GVL,g_per_g_iter,10,0.6325211481503238,0.6369019025712375,0.18078374683808823,0.34781958667920826,0.8975958120543145
