solvent,quantity,n_conformers,mean,median,stdev,min,max
GVL,ln_gamma_inf,10,-2.020748631381985,-1.978834308485414,0.8197684570449387,-3.164232388058551,-0.9978252599458983
GVL,x_inf,10,0.021188094029145895,0.015484744520419279,0.016477935398022035,0.00569853153536283,0.04973036162098897
GVL,g_per_g_inf,10,0.13975305736714091,0.10037895808381031,0.11107917929083357,0.036555453338066396,0.3337967183481221
GVL,x_iter,10,0.015999731700032067,0.014036141045631532,0.009304574252542164,0.005778973115749701,0.029430634453680903
GVL,g_per_g_iter,10,0.10423416489749672,0.09083932806139661,0.06147676452997558,0.03707447665479253,0.19341063202466294
